NO,Tanggal,BI-7Day-RR,
1,20 Mei 2026,5.25 %,
2,22 April 2026,4.75 %,
3,17 Maret 2026,4.75 %,
4,19 Februari 2026,4.75 %,
5,21 Januari 2026,4.75 %,
6,17 Desember 2025,4.75 %,
7,19 November 2025,4.75 %,
8,22 Oktober 2025,4.75 %,
9,17 September 2025,4.75 %,
10,20 Agustus 2025,5.00 %,
11,16 Juli 2025,5.25 %,
12,18 Juni 2025,5.50 %,
13,21 Mei 2025,5.50 %,
14,23 April 2025,5.75 %,
15,19 Maret 2025,5.75 %,
16,19 Februari 2025,5.75 %,
17,15 Januari 2025,5.75 %,
18,18 Desember 2024,6.00 %,
19,20 November 2024,6.00 %,
20,16 Oktober 2024,6.00 %,
21,18 September 2024,6.00 %,
22,21 Agustus 2024,6.25 %,
23,17 Juli 2024,6.25 %,
24,20 Juni 2024,6.25 %,
25,22 Mei 2024,6.25 %,
26,24 April 2024,6.25 %,
27,20 Maret 2024,6.00 %,
28,21 Februari 2024,6.00 %,
29,17 Januari 2024,6.00 %,
30,21 Desember 2023,6.00 %,
31,23 November 2023,6.00 %,
32,19 Oktober 2023,6.00 %,
33,21 September 2023,5.75 %,
34,24 Agustus 2023,5.75 %,
35,25 Juli 2023,5.75 %,
36,22 Juni 2023,5.75 %,
37,25 Mei 2023,5.75 %,
38,18 April 2023,5.75 %,
39,16 Maret 2023,5.75 %,
40,16 Februari 2023,5.75 %,
41,19 Januari 2023,5.75 %,
42,22 Desember 2022,5.50 %,
43,17 November 2022,5.25 %,
44,20 Oktober 2022,4.75 %,
45,22 September 2022,4.25 %,
46,23 Agustus 2022,3.75 %,
47,21 Juli 2022,3.50 %,
48,23 Juni 2022,3.50 %,
49,24 Mei 2022,3.50 %,
50,19 April 2022,3.50 %,
51,17 Maret 2022,3.50 %,
52,10 Februari 2022,3.50 %,
53,20 Januari 2022,3.50 %,
54,16 Desember 2021,3.50 %,
55,18 November 2021,3.50 %,
56,19 Oktober 2021,3.50 %,
57,21 September 2021,3.50 %,
58,19 Agustus 2021,3.50 %,
59,22 Juli 2021,3.50 %,
60,17 Juni 2021,3.50 %,
61,25 Mei 2021,3.50 %,
62,20 April 2021,3.50 %,
63,18 Maret 2021,3.50 %,
64,18 Februari 2021,3.50 %,
65,21 Januari 2021,3.75 %,
66,17 Desember 2020,3.75 %,
67,19 November 2020,3.75 %,
68,13 Oktober 2020,4.00 %,
69,17 September 2020,4.00 %,
70,19 Agustus 2020,4.00 %,
71,16 Juli 2020,4.00 %,
72,18 Juni 2020,4.25 %,
73,19 Mei 2020,4.50 %,
74,14 April 2020,4.50 %,
75,19 Maret 2020,4.50 %,
76,20 Februari 2020,4.75 %,
77,23 Januari 2020,5.00 %,
78,19 Desember 2019,5.00 %,
79,21 November 2019,5.00 %,
80,24 Oktober 2019,5.00 %,
81,19 September 2019,5.25 %,
82,22 Agustus 2019,5.50 %,
83,18 Juli 2019,5.75 %,
84,20 Juni 2019,6.00 %,
85,16 Mei 2019,6.00 %,
86,25 April 2019,6.00 %,
87,21 Maret 2019,6.00 %,
88,21 Februari 2019,6.00 %,
89,17 Januari 2019,6.00 %,
90,20 Desember 2018,6.00 %,
91,15 November 2018,6.00 %,
92,23 Oktober 2018,5.75 %,
93,27 September 2018,5.75 %,
94,15 Agustus 2018,5.50 %,
95,19 Juli 2018,5.25 %,
96,29 Juni 2018,5.25 %,
97,30 Mei 2018,4.75 %,
98,17 Mei 2018,4.50 %,
99,19 April 2018,4.25 %,
100,22 Maret 2018,4.25 %,
101,15 Februari 2018,4.25 %,
102,18 Januari 2018,4.25 %,
103,14 Desember 2017,4.25 %,
104,16 November 2017,4.25 %,
105,19 Oktober 2017,4.25 %,
106,22 September 2017,4.25 %,
107,22 Agustus 2017,4.50 %,
108,20 Juli 2017,4.75 %,
109,15 Juni 2017,4.75 %,
110,18 Mei 2017,4.75 %,
111,20 April 2017,4.75 %,
112,16 Maret 2017,4.75 %,
113,16 Februari 2017,4.75 %,
114,19 Januari 2017,4.75 %,
115,15 Desember 2016,4.75 %,
116,17 November 2016,4.75 %,
117,20 Oktober 2016,4.75 %,
118,22 September 2016,5.00 %,
119,19 Agustus 2016,5.25 %,
120,21 Juli 2016,5.25 %,
121,16 Juni 2016,5.25 %,
